{
  "version": 1,
  "author": "Anonymous maker",
  "editor": "wokwi",
  "parts": [
    { "type": "wokwi-arduino-uno", "id": "uno", "top": -47.4, "left": -115.8, "attrs": {} },
    { "type": "wokwi-74hc595", "id": "sr1", "top": 229.2, "left": -42.56, "attrs": {} },
    { "type": "wokwi-74hc595", "id": "sr2", "top": 229.2, "left": -263.36, "attrs": {} },
    { "type": "wokwi-74hc595", "id": "sr3", "top": 229.2, "left": -484.16, "attrs": {} },
    { "type": "wokwi-ds1307", "id": "rtc1", "top": 177, "left": 297.7, "attrs": {} },
    {
      "type": "wokwi-resistor",
      "id": "r1",
      "top": 350.4,
      "left": -67.75,
      "rotate": 90,
      "attrs": { "value": "180" }
    },
    {
      "type": "wokwi-led",
      "id": "led1",
      "top": 421.6,
      "left": -75.4,
      "rotate": 270,
      "attrs": { "color": "orange" }
    },
    {
      "type": "wokwi-resistor",
      "id": "r2",
      "top": 350.4,
      "left": -48.55,
      "rotate": 90,
      "attrs": { "value": "180" }
    },
    {
      "type": "wokwi-resistor",
      "id": "r3",
      "top": 350.4,
      "left": -29.35,
      "rotate": 90,
      "attrs": { "value": "180" }
    },
    {
      "type": "wokwi-resistor",
      "id": "r4",
      "top": 350.4,
      "left": -10.15,
      "rotate": 90,
      "attrs": { "value": "180" }
    },
    {
      "type": "wokwi-resistor",
      "id": "r5",
      "top": 350.4,
      "left": 9.05,
      "rotate": 90,
      "attrs": { "value": "180" }
    },
    {
      "type": "wokwi-resistor",
      "id": "r6",
      "top": 350.4,
      "left": 28.25,
      "rotate": 90,
      "attrs": { "value": "180" }
    },
    {
      "type": "wokwi-led",
      "id": "led2",
      "top": 450.4,
      "left": -75.4,
      "rotate": 270,
      "attrs": { "color": "orange" }
    },
    {
      "type": "wokwi-led",
      "id": "led3",
      "top": 479.2,
      "left": -75.4,
      "rotate": 270,
      "attrs": { "color": "orange" }
    },
    {
      "type": "wokwi-led",
      "id": "led4",
      "top": 392.8,
      "left": -17.8,
      "rotate": 270,
      "attrs": { "color": "orange" }
    },
    {
      "type": "wokwi-resistor",
      "id": "r7",
      "top": 350.4,
      "left": 47.45,
      "rotate": 90,
      "attrs": { "value": "180" }
    },
    {
      "type": "wokwi-led",
      "id": "led5",
      "top": 421.6,
      "left": -17.8,
      "rotate": 270,
      "attrs": { "color": "orange" }
    },
    {
      "type": "wokwi-led",
      "id": "led6",
      "top": 450.4,
      "left": -17.8,
      "rotate": 270,
      "attrs": { "color": "orange" }
    },
    {
      "type": "wokwi-led",
      "id": "led7",
      "top": 479.2,
      "left": -17.8,
      "rotate": 270,
      "attrs": { "color": "orange" }
    },
    {
      "type": "wokwi-resistor",
      "id": "r8",
      "top": 350.4,
      "left": -288.55,
      "rotate": 90,
      "attrs": { "value": "180" }
    },
    {
      "type": "wokwi-resistor",
      "id": "r9",
      "top": 350.4,
      "left": -269.35,
      "rotate": 90,
      "attrs": { "value": "180" }
    },
    {
      "type": "wokwi-resistor",
      "id": "r10",
      "top": 350.4,
      "left": -250.15,
      "rotate": 90,
      "attrs": { "value": "180" }
    },
    {
      "type": "wokwi-resistor",
      "id": "r11",
      "top": 350.4,
      "left": -230.95,
      "rotate": 90,
      "attrs": { "value": "180" }
    },
    {
      "type": "wokwi-resistor",
      "id": "r12",
      "top": 350.4,
      "left": -211.75,
      "rotate": 90,
      "attrs": { "value": "180" }
    },
    {
      "type": "wokwi-resistor",
      "id": "r13",
      "top": 350.4,
      "left": -192.55,
      "rotate": 90,
      "attrs": { "value": "180" }
    },
    {
      "type": "wokwi-resistor",
      "id": "r14",
      "top": 350.4,
      "left": -173.35,
      "rotate": 90,
      "attrs": { "value": "180" }
    },
    {
      "type": "wokwi-led",
      "id": "led8",
      "top": 421.6,
      "left": -296.2,
      "rotate": 270,
      "attrs": { "color": "orange" }
    },
    {
      "type": "wokwi-led",
      "id": "led9",
      "top": 450.4,
      "left": -296.2,
      "rotate": 270,
      "attrs": { "color": "orange" }
    },
    {
      "type": "wokwi-led",
      "id": "led10",
      "top": 479.2,
      "left": -296.2,
      "rotate": 270,
      "attrs": { "color": "orange" }
    },
    {
      "type": "wokwi-led",
      "id": "led11",
      "top": 479.2,
      "left": -238.6,
      "rotate": 270,
      "attrs": { "color": "orange" }
    },
    {
      "type": "wokwi-led",
      "id": "led12",
      "top": 450.4,
      "left": -238.6,
      "rotate": 270,
      "attrs": { "color": "orange" }
    },
    {
      "type": "wokwi-led",
      "id": "led13",
      "top": 421.6,
      "left": -238.6,
      "rotate": 270,
      "attrs": { "color": "orange" }
    },
    {
      "type": "wokwi-led",
      "id": "led14",
      "top": 392.8,
      "left": -238.6,
      "rotate": 270,
      "attrs": { "color": "orange" }
    },
    {
      "type": "wokwi-resistor",
      "id": "r15",
      "top": 350.4,
      "left": -509.35,
      "rotate": 90,
      "attrs": { "value": "180" }
    },
    {
      "type": "wokwi-resistor",
      "id": "r16",
      "top": 350.4,
      "left": -490.15,
      "rotate": 90,
      "attrs": { "value": "180" }
    },
    {
      "type": "wokwi-resistor",
      "id": "r17",
      "top": 350.4,
      "left": -451.75,
      "rotate": 90,
      "attrs": { "value": "180" }
    },
    {
      "type": "wokwi-resistor",
      "id": "r18",
      "top": 350.4,
      "left": -432.55,
      "rotate": 90,
      "attrs": { "value": "180" }
    },
    {
      "type": "wokwi-resistor",
      "id": "r19",
      "top": 350.4,
      "left": -413.35,
      "rotate": 90,
      "attrs": { "value": "180" }
    },
    {
      "type": "wokwi-resistor",
      "id": "r20",
      "top": 350.4,
      "left": -394.15,
      "rotate": 90,
      "attrs": { "value": "180" }
    },
    {
      "type": "wokwi-led",
      "id": "led15",
      "top": 450.4,
      "left": -517,
      "rotate": 270,
      "attrs": { "color": "orange" }
    },
    {
      "type": "wokwi-led",
      "id": "led16",
      "top": 479.2,
      "left": -517,
      "rotate": 270,
      "attrs": { "color": "orange" }
    },
    {
      "type": "wokwi-led",
      "id": "led17",
      "top": 450.4,
      "left": -459.4,
      "rotate": 270,
      "attrs": { "color": "orange" }
    },
    {
      "type": "wokwi-led",
      "id": "led18",
      "top": 479.2,
      "left": -459.4,
      "rotate": 270,
      "attrs": { "color": "orange" }
    },
    {
      "type": "wokwi-led",
      "id": "led19",
      "top": 421.6,
      "left": -459.4,
      "rotate": 270,
      "attrs": { "color": "orange" }
    },
    {
      "type": "wokwi-led",
      "id": "led20",
      "top": 392.8,
      "left": -459.4,
      "rotate": 270,
      "attrs": { "color": "orange" }
    },
    {
      "type": "wokwi-led",
      "id": "led21",
      "top": 479.2,
      "left": -613,
      "rotate": 270,
      "attrs": { "color": "red" }
    },
    {
      "type": "wokwi-led",
      "id": "led22",
      "top": 450.4,
      "left": -613,
      "rotate": 270,
      "attrs": { "color": "red" }
    },
    {
      "type": "wokwi-led",
      "id": "led23",
      "top": 421.6,
      "left": -613,
      "rotate": 270,
      "attrs": { "color": "red" }
    },
    {
      "type": "wokwi-resistor",
      "id": "r21",
      "top": 350.4,
      "left": -605.35,
      "rotate": 90,
      "attrs": { "value": "180" }
    },
    {
      "type": "wokwi-resistor",
      "id": "r22",
      "top": 350.4,
      "left": -586.15,
      "rotate": 90,
      "attrs": { "value": "180" }
    },
    {
      "type": "wokwi-resistor",
      "id": "r23",
      "top": 350.4,
      "left": -566.95,
      "rotate": 90,
      "attrs": { "value": "180" }
    },
    {
      "type": "wokwi-pushbutton-6mm",
      "id": "btn1",
      "top": 26.6,
      "left": -259.2,
      "attrs": { "color": "green" }
    },
    {
      "type": "wokwi-pushbutton-6mm",
      "id": "btn2",
      "top": 26.6,
      "left": -326.4,
      "attrs": { "color": "green" }
    },
    {
      "type": "wokwi-pushbutton-6mm",
      "id": "btn3",
      "top": 26.6,
      "left": -393.6,
      "attrs": { "color": "green" }
    },
    {
      "type": "wokwi-pushbutton-6mm",
      "id": "btn4",
      "top": 26.6,
      "left": -460.8,
      "attrs": { "color": "green" }
    },
    {
      "type": "wokwi-resistor",
      "id": "r24",
      "top": 91.2,
      "left": -451.75,
      "rotate": 90,
      "attrs": { "value": "10000" }
    },
    {
      "type": "wokwi-resistor",
      "id": "r25",
      "top": 91.2,
      "left": -384.55,
      "rotate": 90,
      "attrs": { "value": "10000" }
    },
    {
      "type": "wokwi-resistor",
      "id": "r26",
      "top": 91.2,
      "left": -317.35,
      "rotate": 90,
      "attrs": { "value": "10000" }
    },
    {
      "type": "wokwi-resistor",
      "id": "r27",
      "top": 91.2,
      "left": -250.15,
      "rotate": 90,
      "attrs": { "value": "10000" }
    }
  ],
  "connections": [
    [ "rtc1:5V", "uno:5V", "red", [ "h-28.8", "v-19.6", "h-234.2" ] ],
    [ "rtc1:GND", "uno:GND.2", "black", [ "h-19.2", "v-19.2", "h-234.3" ] ],
    [ "rtc1:SDA", "uno:A4", "green", [ "h-38.4", "v-19.5", "h-138.6" ] ],
    [ "rtc1:SCL", "uno:A5", "green", [ "h-48", "v-19.4", "h-119.5" ] ],
    [ "sr1:VCC", "uno:5V", "red", [ "v-46.8", "h82.6" ] ],
    [ "sr2:VCC", "sr1:VCC", "red", [ "v0" ] ],
    [ "sr3:VCC", "sr2:VCC", "red", [ "v-46.8", "h220.8" ] ],
    [ "sr1:DS", "uno:4", "green", [ "v-219.6", "h120.9" ] ],
    [ "sr1:Q7S", "sr2:DS", "green", [ "v-66", "h-268.8" ] ],
    [ "sr2:Q7S", "sr3:DS", "green", [ "v-75.6", "h-268.8" ] ],
    [ "sr1:OE", "uno:GND.2", "green", [ "v-104.4", "h63.3" ] ],
    [ "sr1:MR", "uno:5V", "green", [ "v-94.8", "h25" ] ],
    [ "sr1:MR", "sr2:MR", "green", [ "v-37.2", "h-172.8" ] ],
    [ "sr2:MR", "sr3:MR", "green", [ "v-37.2", "h-220.8" ] ],
    [ "sr1:OE", "sr2:OE", "green", [ "v-8.4", "h-172.8" ] ],
    [ "sr2:OE", "sr3:OE", "green", [ "v-8.4", "h-220.8" ] ],
    [ "sr1:STCP", "sr2:STCP", "green", [ "v-18", "h-172.8" ] ],
    [ "sr2:STCP", "sr3:STCP", "green", [ "v-18", "h-220.8" ] ],
    [ "sr1:SHCP", "sr2:SHCP", "green", [ "v-27.6", "h-192" ] ],
    [ "sr2:SHCP", "sr3:SHCP", "green", [ "v-27.6", "h-220.8" ] ],
    [ "sr1:STCP", "uno:5", "green", [ "v-229.2", "h92.2" ] ],
    [ "sr1:SHCP", "uno:6", "green", [ "v-238.8", "h73.1" ] ],
    [ "sr1:Q1", "r1:1", "green", [ "v0" ] ],
    [ "r1:2", "led1:A", "green", [ "h0" ] ],
    [ "sr1:GND", "uno:GND.2", "black", [ "h9.6", "v-86.4", "h15.3" ] ],
    [ "sr2:GND", "uno:GND.2", "black", [ "h9.6", "v-86.4", "h236.1" ] ],
    [ "sr3:GND", "uno:GND.2", "black", [ "h9.6", "v-86.4", "h456.9" ] ],
    [ "sr1:Q2", "r2:1", "green", [ "v57.6", "h9.6" ] ],
    [ "sr1:Q3", "r3:1", "green", [ "v48", "h19.2" ] ],
    [ "sr1:Q4", "r4:1", "green", [ "v38.4", "h28.8" ] ],
    [ "sr1:Q5", "r5:1", "green", [ "v28.8", "h38.4" ] ],
    [ "sr1:Q6", "r6:1", "green", [ "v19.2", "h48" ] ],
    [ "sr1:Q7", "r7:1", "green", [ "v9.6", "h57.6" ] ],
    [ "r2:2", "led2:A", "green", [ "v8.4", "h-9.6", "v124.8" ] ],
    [ "led2:C", "sr1:GND", "green", [ "v9.2", "h134.4", "v-230.4" ] ],
    [ "r3:2", "led3:A", "green", [ "v18", "h-19.2", "v144" ] ],
    [ "led3:C", "sr1:GND", "green", [ "v9.2", "h134.4", "v-259.2" ] ],
    [ "r4:2", "led4:A", "green", [ "h0" ] ],
    [ "led4:C", "sr1:GND", "green", [ "h76.8", "v-163.6" ] ],
    [ "led5:A", "r5:2", "green", [ "h0" ] ],
    [ "led5:C", "sr1:GND", "green", [ "h76.8", "v-192.4" ] ],
    [ "led6:A", "r6:2", "green", [ "h0" ] ],
    [ "led6:C", "sr1:GND", "green", [ "h76.8", "v-221.2" ] ],
    [ "led7:A", "r7:2", "green", [ "h0" ] ],
    [ "led7:C", "sr1:GND", "green", [ "h76.8", "v-250" ] ],
    [ "led1:C", "sr1:GND", "green", [ "v9.2", "h134.4", "v-201.6" ] ],
    [ "sr2:Q1", "r8:1", "green", [ "v0" ] ],
    [ "sr2:Q2", "r9:1", "green", [ "v57.6", "h9.6" ] ],
    [ "sr2:Q3", "r10:1", "green", [ "v48", "h19.2" ] ],
    [ "sr2:Q4", "r11:1", "green", [ "v38.4", "h28.8" ] ],
    [ "sr2:Q5", "r12:1", "green", [ "v28.8", "h38.4" ] ],
    [ "sr2:Q6", "r13:1", "green", [ "v19.2", "h48" ] ],
    [ "r14:1", "sr2:Q7", "green", [ "v-57.6", "h-57.6" ] ],
    [ "led8:C", "sr2:GND", "green", [ "v9.2", "h134.4", "v-201.6" ] ],
    [ "r8:2", "led8:A", "green", [ "h0" ] ],
    [ "r9:2", "led9:A", "green", [ "v8.4", "h-9.6", "v76.8" ] ],
    [ "led9:C", "sr2:GND", "green", [ "v9.2", "h134.4", "v-230.4" ] ],
    [ "r10:2", "led10:A", "green", [ "v18", "h-19.2", "v96" ] ],
    [ "led10:C", "sr2:GND", "green", [ "h0", "v9.2", "h134.4", "v-259.2" ] ],
    [ "r11:2", "led14:A", "green", [ "h0" ] ],
    [ "r12:2", "led13:A", "green", [ "h0", "v56.4" ] ],
    [ "r13:2", "led12:A", "green", [ "h0", "v85.2" ] ],
    [ "r14:2", "led11:A", "green", [ "h0", "v114" ] ],
    [ "led13:C", "sr2:GND", "green", [ "h76.8", "v-192.4" ] ],
    [ "led12:C", "sr2:GND", "green", [ "h76.8", "v-221.2" ] ],
    [ "led11:C", "sr2:GND", "green", [ "h76.8", "v-250" ] ],
    [ "sr3:Q1", "r15:1", "green", [ "v0" ] ],
    [ "sr3:Q2", "r16:1", "green", [ "v57.6", "h9.6" ] ],
    [ "sr3:Q3", "r17:1", "green", [ "v48", "h19.2" ] ],
    [ "sr3:Q4", "r18:1", "green", [ "v38.4", "h28.8" ] ],
    [ "sr3:Q5", "r19:1", "green", [ "v28.8", "h38.4" ] ],
    [ "sr3:Q6", "r20:1", "green", [ "v19.2", "h48" ] ],
    [ "r15:2", "led15:A", "green", [ "h0" ] ],
    [ "led15:C", "sr3:GND", "green", [ "v9.2", "h134.4", "v-230.4" ] ],
    [ "r16:2", "led16:A", "green", [ "h0", "v8.4", "h-9.6", "v105.6" ] ],
    [ "led16:C", "sr3:GND", "green", [ "v9.2", "h134.4", "v-259.2" ] ],
    [ "r17:2", "led20:A", "green", [ "v18", "h19.2" ] ],
    [ "led20:C", "sr3:GND", "green", [ "h76.8", "v-163.6" ] ],
    [ "led19:C", "sr3:GND", "green", [ "h76.8", "v-0.4" ] ],
    [ "led17:C", "sr3:GND", "green", [ "h76.8", "v-0.4" ] ],
    [ "led18:C", "sr3:GND", "green", [ "h76.8", "v-0.4" ] ],
    [ "r18:2", "led19:A", "green", [ "v56.4", "h-19.2" ] ],
    [ "r19:2", "led17:A", "green", [ "h0", "v85.2" ] ],
    [ "r20:2", "led18:A", "green", [ "h0", "v114" ] ],
    [ "led23:C", "led22:C", "green", [ "h48", "v28.8" ] ],
    [ "led23:C", "led21:C", "green", [ "h48", "v57.6" ] ],
    [ "led21:C", "sr3:GND", "green", [ "h19.2", "v18.8", "h211.2", "v-268.8" ] ],
    [ "r21:2", "led23:A", "green", [ "h0" ] ],
    [ "r22:2", "led22:A", "green", [ "h0", "v85.2" ] ],
    [ "r23:2", "led21:A", "green", [ "h0", "v114" ] ],
    [ "r21:1", "uno:7", "green", [ "v-422.4", "h649.2" ] ],
    [ "r22:1", "uno:8", "green", [ "v-412.8", "h614" ] ],
    [ "r23:1", "uno:9", "green", [ "v-403.2", "h584.8" ] ],
    [ "sr3:VCC", "btn4:2.l", "red", [ "v0" ] ],
    [ "btn4:2.r", "btn3:2.l", "green", [ "h0" ] ],
    [ "btn3:2.r", "btn2:2.l", "green", [ "h0" ] ],
    [ "btn2:2.r", "btn1:2.l", "green", [ "h0" ] ],
    [ "btn1:1.r", "r27:1", "green", [ "v0", "h10.4" ] ],
    [ "btn2:1.r", "r26:1", "green", [ "v0", "h10.4" ] ],
    [ "btn3:1.r", "r25:1", "green", [ "v0", "h10.4" ] ],
    [ "btn4:1.r", "r24:1", "green", [ "v0", "h10.4" ] ],
    [ "r24:2", "sr3:GND", "green", [ "v8.4", "h67.2", "v124.8" ] ],
    [ "r25:2", "sr3:GND", "green", [ "h0", "v133.2" ] ],
    [ "r27:2", "sr3:GND", "green", [ "v8.4", "h-134.4", "v124.8" ] ],
    [ "r26:2", "sr3:GND", "green", [ "h0", "v8.4", "h-67.2", "v124.8" ] ],
    [ "btn4:1.l", "uno:10", "green", [ "h-9.6", "v-96", "h508.8" ] ],
    [ "btn3:1.l", "uno:11", "green", [ "h-9.6", "v-86.4", "h432" ] ],
    [ "btn2:1.l", "uno:12", "green", [ "h-9.6", "v-48", "h355.2" ] ],
    [ "btn1:1.l", "uno:13", "green", [ "h0", "v-57.6", "h268.8" ] ],
    [ "led14:C", "sr2:GND", "green", [ "h76.8", "v-0.4" ] ]
  ],
  "dependencies": {}
}